title,artist,artist nationality,sitter,is_self_portrait,sitter gender,size,date,thumbnail,mediaURLs
A. Laurason,Jean Francois De Vallee (active 1794-1828),French,A. Laurason,FALSE,Male,Miniature,ca. 1805,"https://ids.si.edu/ids/iiif/SAAM-1958.5.4_1/full/250,/0/default.jpg",[https://ids.si.edu/ids/deliveryService?id=SAAM-1958.5.4_1]
Alexander Hamilton,John Trumbull (b. 6 Jun 1756; d. 10 Nov 1843),American,Alexander Hamilton (b. 11 Jan 1757; d. 11 Jul 1804),FALSE,Male,Regular,1806,"https://ids.si.edu/ids/iiif/NPG-NPG_79_216Hamilton_d1/full/250,/0/default.jpg",[https://ids.si.edu/ids/deliveryService?id=NPG-NPG_79_216Hamilton_d1]
Alexander Rose,"Pierre Henri (b. Paris, France ca. 1760; d. NY 1822)",French,Alexander Rose,FALSE,Male,Miniature,ca. 1788,"https://ids.si.edu/ids/iiif/SAAM-1946.11.6_1/full/250,/0/default.jpg",[https://ids.si.edu/ids/deliveryService?id=SAAM-1946.11.6_1]
Andre Joseph Villard,"David Boudon (b. Geneva, Switzerland 1748; d. 1816; last known residence Chillicothe, OH)",Swiss,Andre Joseph Villard,FALSE,Male,Miniature,1810-1812,"https://ids.si.edu/ids/iiif/SAAM-1961.9.1_1/full/250,/0/default.jpg",[https://ids.si.edu/ids/deliveryService?id=SAAM-1961.9.1_1]
Ann Elliott Morris,,,Ann Elliott Morris (b. 1763; d. 1848),FALSE,Female,Regular,ca. 1800,"https://ids.si.edu/ids/iiif/NPG-S_NPG_95_116Morris_int/full/250,/0/default.jpg",[https://ids.si.edu/ids/deliveryService?id=NPG-S_NPG_95_116Morris_int]
Anne Hume Shippen,"Benjamin Trott (b. Boston, MA ca. 1770; d. Washington, DC 1843)",American,Anne Hume Shippen,FALSE,Female,Miniature,ca. 1796,"https://ids.si.edu/ids/iiif/SAAM-1999.87.1_1/full/250,/0/default.jpg",[https://ids.si.edu/ids/deliveryService?id=SAAM-1999.87.1_1]
"Archibald Bulloch, Governor of Georgia",,,Archibald Bulloch,FALSE,Male,Miniature,ca. 1790,"https://ids.si.edu/ids/iiif/SAAM-1975.77.2_1/full/250,/0/default.jpg",[https://ids.si.edu/ids/deliveryService?id=SAAM-1975.77.2_1]
Arthur St. Claire,,,Arthur St. Clair (b. 23 Mar 1737; d. 31 Aug 1818),FALSE,Male,Regular,ca. 1795,"https://ids.si.edu/ids/iiif/NPG-NPG_83_31StClaire-000001/full/250,/0/default.jpg",[https://ids.si.edu/ids/deliveryService?id=NPG-NPG_83_31StClaire-000001]
Augustus Fricke,"Jean Pierre Henri Elouis, ( (b. Caen, France 1755; d. Caen, France 1840)",French,Augustus Fricke,FALSE,Male,Miniature,ca. 1795,"https://ids.si.edu/ids/iiif/SAAM-1950.7.10_1/full/250,/0/default.jpg",[https://ids.si.edu/ids/deliveryService?id=SAAM-1950.7.10_1]
Benjamin Franklin,Joseph Siffred Duplessis (22 Sep 1725-1 Apr 1802),French,Benjamin Franklin (b. 17 Jan 1706; d. 17 Apr 1790),FALSE,Male,Regular,ca. 1785,"https://ids.si.edu/ids/iiif/NPG-NPG_87_43/full/250,/0/default.jpg",[https://ids.si.edu/ids/deliveryService?id=NPG-NPG_87_43]
"Benjamin Harrison, Jr.",Charles Willson Peale (b. 15 Apr 1741; d. 22 Feb 1827),American,"Benjamin Harrison (b. Jr., 1750?; d. 1799)",FALSE,Male,Regular,1783,"https://ids.si.edu/ids/iiif/NPG-S_NPG_65_109Harrison-000004/full/250,/0/default.jpg",[https://ids.si.edu/ids/deliveryService?id=NPG-S_NPG_65_109Harrison-000004]
"Benjamin Hurd, Jr.","William M. S. Doyle (b. Boston, MA 1769; d. Boston, MA 1828)",American,Jr. Benjamin Hurd,FALSE,Male,Miniature,ca. 1804-1818,"https://ids.si.edu/ids/iiif/SAAM-1999.27.9_1/full/250,/0/default.jpg",[https://ids.si.edu/ids/deliveryService?id=SAAM-1999.27.9_1]
Benjamin Latrobe,Charles Frederick Von Breda (b. 16 Aug 1759; d. 1 Dec 1818),Swedish,Benjamin Henry Latrobe (b. 1 May 1764; d. 3 Sep 1820),FALSE,Male,Regular,ca. 1790,"https://ids.si.edu/ids/iiif/NPG-NPG_2011_64Latrobe_int/full/250,/0/default.jpg",[https://ids.si.edu/ids/deliveryService?id=NPG-NPG_2011_64Latrobe_int]
Benjamin West,,,Benjamin West (b. 10 Oct 1738; d. 11 Mar 1820),FALSE,Male,Regular,1770,"https://ids.si.edu/ids/iiif/NPG-NPG_80_136West-000004/full/250,/0/default.jpg",[https://ids.si.edu/ids/deliveryService?id=NPG-NPG_80_136West-000004]
Betsey Colt Foot,Ezra Ames (b. 1768; d. 1836),American,Betsey Colt Foot (b. 1774; d. 1847),FALSE,Female,Regular,1815,"https://ids.si.edu/ids/iiif/NPG-NPG_2016_132/full/250,/0/default.jpg",[https://ids.si.edu/ids/deliveryService?id=NPG-NPG_2016_132]
Brother-in-law of Mrs. Alexander Rose,"Archibald Robertson ( (b. Moneymusk, Scotland; d. New York 18350)",Scottish,Brother-in-Law of Mrs. Alex. Rose,FALSE,Male,Miniature,ca. 1795,"https://ids.si.edu/ids/iiif/SAAM-1933.7.2_1/full/250,/0/default.jpg",[https://ids.si.edu/ids/deliveryService?id=SAAM-1933.7.2_1]
Caldwell Sister,"Charles Willson Peale (b. Queen Anne's County, MD 1741; d. Philadelphia, PA 1827)",American,Caldwell,FALSE,Female,Miniature,ca. 1782,"https://ids.si.edu/ids/iiif/SAAM-1999.27.31.2_1/full/250,/0/default.jpg",[https://ids.si.edu/ids/deliveryService?id=SAAM-1999.27.31.2_1]
Caldwell Sister,"Charles Willson Peale (b. Queen Anne's County, MD 1741; d. Philadelphia, PA 1827)",American,Caldwell,FALSE,Female,Miniature,ca. 1782,"https://ids.si.edu/ids/iiif/SAAM-1999.27.31.1_1/full/250,/0/default.jpg",[https://ids.si.edu/ids/deliveryService?id=SAAM-1999.27.31.1_1]
Capt. John Gassoway,"Charles Willson Peale (b. Queen Anne's County, MD 1741; d. Philadelphia, PA 1827)",American,John Gassoway,FALSE,Male,Miniature,ca. 1790,"https://ids.si.edu/ids/iiif/SAAM-1999.27.33_1/full/250,/0/default.jpg",[https://ids.si.edu/ids/deliveryService?id=SAAM-1999.27.33_1]
Captain Charles McKnight,"Jacob Frymire (b. Lancaster County, PA ca. 1765; d. Hamilton Township, PA 1822)",American,Charles Mc Knight,FALSE,Male,Regular,1800,"https://ids.si.edu/ids/iiif/SAAM-1968.137_1/full/250,/0/default.jpg",[https://ids.si.edu/ids/deliveryService?id=SAAM-1968.137_1]
Captain John H. Seward,,,Captain John H. Seward,FALSE,Male,Miniature,ca. 1790,"https://ids.si.edu/ids/iiif/SAAM-1983.21_1/full/250,/0/default.jpg",[https://ids.si.edu/ids/deliveryService?id=SAAM-1983.21_1]
Captain Joseph Anthony,"Walter Robertson (b. Dublin, Ireland ca. 1750;d. Fatehpur, India 1801/02)",Irish,Joseph Anthony,FALSE,Male,Miniature,ca. 1794,"https://ids.si.edu/ids/iiif/SAAM-1952.12.1_1/full/250,/0/default.jpg",[https://ids.si.edu/ids/deliveryService?id=SAAM-1952.12.1_1]
Captain Robert Lillibridge,"William Verstille (b. Boston, MA ca. 1755;d. Boston, MA 1803)",American,Robert Lillibridge,FALSE,Male,Miniature,ca. 1795,"https://ids.si.edu/ids/iiif/SAAM-1975.59.1_1/full/250,/0/default.jpg",[https://ids.si.edu/ids/deliveryService?id=SAAM-1975.59.1_1]
Carter Braxton,,,Carter Braxton (b. 10 Sep 1736; d. 10 Oct 1797),FALSE,Male,Regular,ca. 1775,"https://ids.si.edu/ids/iiif/NPG-NPG_98_33Braxton-000001/full/250,/0/default.jpg",[https://ids.si.edu/ids/deliveryService?id=NPG-NPG_98_33Braxton-000001]
Charles Brockden Brown,"William Dunlap (b. 18 Feb 1766; d, 28 Sep 1839)",American,Charles Brockden Brown (b. 17 Jan 1771; d. 22 Feb 1810),FALSE,Male,Regular,1806,"https://ids.si.edu/ids/iiif/NPG-NPG_94_83Brown-000002/full/250,/0/default.jpg",[https://ids.si.edu/ids/deliveryService?id=NPG-NPG_94_83Brown-000002]
Charles Cotesworth Pinckney,Henry Benbridge (b. 20 Oct 1743; d. 25 Jan 1812),American,Charles Cotesworth Pinckney (b. 25 Feb 1746; d. 25 Aug 1825),FALSE,Male,Regular,ca. 1773,"https://ids.si.edu/ids/iiif/NPG-NPG_67_1Pinckney_d1/full/250,/0/default.jpg",[https://ids.si.edu/ids/deliveryService?id=NPG-NPG_67_1Pinckney_d1]
Charles Cotesworth Pinckney,John Trumbull (b. 6 Jun 1756; d. 10 Nov 1843),American,Charles Cotesworth Pinckney (b. 25 Feb 1746; d. 25 Aug 1825),FALSE,Male,Regular,1791,"https://ids.si.edu/ids/iiif/NPG-NPG_2007_212/full/250,/0/default.jpg",[https://ids.si.edu/ids/deliveryService?id=NPG-NPG_2007_212]
Charles Cotesworth Pinckney,,,Charles Cotesworth Pinckney (b. 25 Feb 1746; d. 25 Aug 1825),FALSE,Male,Regular,1796,"https://ids.si.edu/ids/iiif/NPG-NPG_92_122Pinckney-000002/full/250,/0/default.jpg",[https://ids.si.edu/ids/deliveryService?id=NPG-NPG_92_122Pinckney-000002]
Charles Willson Peale,Charles Willson Peale (b. 15 Apr 1741; d. 22 Feb 1827),American,Charles Willson Peale (b. 15 Apr 1741; d. 22 Feb 1827),TRUE,Male,Regular,ca. 1791,"https://ids.si.edu/ids/iiif/NPG-NPG_89_205/full/250,/0/default.jpg",[https://ids.si.edu/ids/deliveryService?id=NPG-NPG_89_205]
Col. George Gibbs III,John Vanderlyn (b. 15 Oct 1775; d. 23 Sep 1852),American,George Gibbs (b. 1776; d. 1833),FALSE,Male,Regular,ca. 1806-08,"https://ids.si.edu/ids/iiif/NPG-NPG_2020_42Gibbs-000002/full/250,/0/default.jpg",[https://ids.si.edu/ids/deliveryService?id=NPG-NPG_2020_42Gibbs-000002]
Col. Josiah Parker,"John Ramage (b. Dublin, Ireland ca. 1748; d. Montreal, Quebec, Canada 1802)",Irish,Col. Josiah Parker,FALSE,Male,Miniature,ca. 1789,"https://ids.si.edu/ids/iiif/SAAM-1957.3.3_1/full/250,/0/default.jpg",[https://ids.si.edu/ids/deliveryService?id=SAAM-1957.3.3_1]
"Col. Lewis Morris, IV",,,Col. Lewis Morris IV (b. 1752?; d. 1824),FALSE,Male,Regular,ca. 1800,"https://ids.si.edu/ids/iiif/NPG-9500236A_1/full/250,/0/default.jpg",[https://ids.si.edu/ids/deliveryService?id=NPG-9500236A_1]
Col. Nathaniel Darby,,,Col. Nathaniel Darby,FALSE,Male,Miniature,ca. 1798,"https://ids.si.edu/ids/iiif/SAAM-1999.87.7A_1/full/250,/0/default.jpg",[https://ids.si.edu/ids/deliveryService?id=SAAM-1999.87.7A_1]
Colonel Benjamin Stephenson,,,Benjamin Stephenson,FALSE,Male,Miniature,ca. 1800,"https://ids.si.edu/ids/iiif/SAAM-1976.56_1/full/250,/0/default.jpg",[https://ids.si.edu/ids/deliveryService?id=SAAM-1976.56_1]
Colonel John Cox,"Charles Willson Peale (b. Queen Anne's County, MD 1741; d. Philadelphia, PA 1827)",American,John Cox,FALSE,Male,Miniature,1778,"https://ids.si.edu/ids/iiif/SAAM-1999.27.32_1/full/250,/0/default.jpg",[https://ids.si.edu/ids/deliveryService?id=SAAM-1999.27.32_1]
Colonial Soldier,,,,FALSE,Male,Miniature,ca. 1770,"https://ids.si.edu/ids/iiif/SAAM-1950.4.14_1/full/250,/0/default.jpg",[https://ids.si.edu/ids/deliveryService?id=SAAM-1950.4.14_1]
Conrad Wunder,,,Conrad Wunder,FALSE,Male,Miniature,1797,"https://ids.si.edu/ids/iiif/SAAM-1999.27.52_1/full/250,/0/default.jpg",[https://ids.si.edu/ids/deliveryService?id=SAAM-1999.27.52_1]
Daniel Leonard,,,Daniel Leonard (b. 18 May 1740; d. 27 Jun 1829),FALSE,Male,Regular,ca. 1770,"https://ids.si.edu/ids/iiif/NPG-A8000002A_1/full/250,/0/default.jpg",[https://ids.si.edu/ids/deliveryService?id=NPG-A8000002A_1]
Daniel Morgan,,,Daniel Morgan (b. 1736; d. 6 Jul 1802),FALSE,Male,Regular,ca. 1780,"https://ids.si.edu/ids/iiif/NPG-NPG_2001_3Morgan-000002/full/250,/0/default.jpg",[https://ids.si.edu/ids/deliveryService?id=NPG-NPG_2001_3Morgan-000002]
David Livingston,"Joseph Wood (b. Clarkstown, NY 1778; Washington, DC 1830)",American,David Livingston,FALSE,Male,Miniature,ca. 1800,"https://ids.si.edu/ids/iiif/SAAM-1999.27.51_1/full/250,/0/default.jpg",[https://ids.si.edu/ids/deliveryService?id=SAAM-1999.27.51_1]
David McClellan,"Benjamin Trott (b. Boston, MA ca. 1770; d. Washington, DC 1843)",American,David McClellan,FALSE,Male,Miniature,ca. 1805,"https://ids.si.edu/ids/iiif/SAAM-1956.7.1_1/full/250,/0/default.jpg",[https://ids.si.edu/ids/deliveryService?id=SAAM-1956.7.1_1]
David Ramsay,Charles Willson Peale (b. 15 Apr 1741; d. 22 Feb 1827),American,David Ramsay (b. 2 Apr 1749; d. 8 May 1815),FALSE,Male,Regular,1771,"https://ids.si.edu/ids/iiif/NPG-B4000160A_2/full/250,/0/default.jpg",[https://ids.si.edu/ids/deliveryService?id=NPG-B4000160A_2]
David Rittenhouse,Charles Willson Peale (b. 15 Apr 1741; d. 22 Feb 1827),American,David Rittenhouse (b. 8 Apr 1732; d. 26 Jun 1796),FALSE,Male,Regular,1796,"https://ids.si.edu/ids/iiif/NPG-NPG_98_73Rittenhouse_d1/full/250,/0/default.jpg",[https://ids.si.edu/ids/deliveryService?id=NPG-NPG_98_73Rittenhouse_d1]
David Wiley,Charles Peale Polk (b. 17 Mar 1767; 6 May 1822),American,David Wiley (b. ca. 1768; d. ca. 1813),FALSE,Male,Regular,ca. 1801,"https://ids.si.edu/ids/iiif/NPG-NPG_87_244Wiley-000001/full/250,/0/default.jpg",[https://ids.si.edu/ids/deliveryService?id=NPG-NPG_87_244Wiley-000001]
Don José Mas Ferrer,"José Campeche y Jordán (b. San Juan, Puerto Rico 1751; d. San Juan, Puerto Rico 1809)",Puerto Rican,Don Jose Mas Ferrer,FALSE,Male,Regular,ca. 1795,"https://ids.si.edu/ids/iiif/SAAM-1996.91.1_1/full/250,/0/default.jpg",[https://ids.si.edu/ids/deliveryService?id=SAAM-1996.91.1_1]
Dr. Elisha Poinsett,"Edward Greene Malbone (b. Newport, RI 1777; d. Savannah, GA 1807)",American,Elisha Poinsett,FALSE,Male,Miniature,ca. 1801-1802,"https://ids.si.edu/ids/iiif/SAAM-1999.27.26_1/full/250,/0/default.jpg",[https://ids.si.edu/ids/deliveryService?id=SAAM-1999.27.26_1]
Dr. William Beekman,"Alexander Robertson (b. Aberdeen, Scotland; d. New York 1841)",Scottish,William Beekman,FALSE,Male,Miniature,ca. 1795,"https://ids.si.edu/ids/iiif/SAAM-1942.11.8_1/full/250,/0/default.jpg",[https://ids.si.edu/ids/deliveryService?id=SAAM-1942.11.8_1]
Elizabeth Depeyster Peale,James Peale (b. 1749; d. 24 May 1831),American,Elizabeth Depeyster Peale (b. 1765; d. 1804),FALSE,Female,Regular,1795,"https://ids.si.edu/ids/iiif/NPG-S_NPG_2009_49Depeyster-000004/full/250,/0/default.jpg",[https://ids.si.edu/ids/deliveryService?id=NPG-S_NPG_2009_49Depeyster-000004]
Elizabeth Du Hamel,"Henry Jacob Burch, Jr. (b. 1763; d. after 1834)",English,Elizabeth Du Hamel,FALSE,Female,Miniature,ca. 1805,"https://ids.si.edu/ids/iiif/SAAM-1950.4.40_1/full/250,/0/default.jpg",[https://ids.si.edu/ids/deliveryService?id=SAAM-1950.4.40_1]
Elizabeth Grimké Rutledge,,,Elizabeth Grimké Rutledge (b. ?; d. 1792),FALSE,Female,Regular,ca. 1791,"https://ids.si.edu/ids/iiif/NPG-S_NPG_97_191Rutledgealt-000002/full/250,/0/default.jpg",[https://ids.si.edu/ids/deliveryService?id=NPG-S_NPG_97_191Rutledgealt-000002]
Elizabeth Knapp,"James Peale (b. Chestertown, MD 1749; d. Philadelphia, PA 1831)",American,Elizabeth Knapp,FALSE,Female,Miniature,1802,"https://ids.si.edu/ids/iiif/SAAM-1937.11.1_1/full/250,/0/default.jpg",[https://ids.si.edu/ids/deliveryService?id=SAAM-1937.11.1_1]
Elizabeth Linn Brown,"William Dunlap (b. 18 Feb 1766; d, 28 Sep 1839)",American,Elizabeth Linn Brown (b. 1775; d. 1834),FALSE,Female,Regular,ca. 1806,"https://ids.si.edu/ids/iiif/NPG-S_NPG_94_84_int/full/250,/0/default.jpg",[https://ids.si.edu/ids/deliveryService?id=NPG-S_NPG_94_84_int]
Elizabeth Oliphant,"James Peale (b. Chestertown, MD 1749; d. Philadelphia, PA 1831)",American,Elizabeth Oliphant,FALSE,Female,Miniature,1795,"https://ids.si.edu/ids/iiif/SAAM-1942.2.3_1/full/250,/0/default.jpg",[https://ids.si.edu/ids/deliveryService?id=SAAM-1942.2.3_1]
Elizabeth Washington Gamble Wirt,Cephas Thompson (b. 1 Jul 1775; d. 6 Nov 1856),American,Elizabeth Washington Gamble Wirt (b. 30 Jan 1784; d. 24 Jan 1857),FALSE,Female,Regular,ca. 1809-10,"https://ids.si.edu/ids/iiif/NPG-S_NPG_89_12-000001/full/250,/0/default.jpg",[https://ids.si.edu/ids/deliveryService?id=NPG-S_NPG_89_12-000001]
Emily Smiley Snowden,"Charles Peale Polk (b. Annapolis, MD 1767; d. Richmond Courthouse, VA 1822)",American,Emily Snowden,FALSE,Female,Regular,1793,"https://ids.si.edu/ids/iiif/SAAM-1977.104_1/full/250,/0/default.jpg",[https://ids.si.edu/ids/deliveryService?id=SAAM-1977.104_1]
English Gentleman,,English,,FALSE,Male,Miniature,ca. 1810,"https://ids.si.edu/ids/iiif/SAAM-1950.4.21_1/full/250,/0/default.jpg",[https://ids.si.edu/ids/deliveryService?id=SAAM-1950.4.21_1]
Fisher Ames,Gilbert Stuart (b. 3 Dec 1755; 9 Jul 1828),American,Fisher Ames (b. 9 Apr 1758; d. 4 Jul 1808),FALSE,Male,Regular,ca. 1807,"https://ids.si.edu/ids/iiif/NPG-NPG_79_215Ames-000001/full/250,/0/default.jpg",[https://ids.si.edu/ids/deliveryService?id=NPG-NPG_79_215Ames-000001]
Francis Asbury,John Paradise (b. 24 Oct 1783; d. 26 Sep 1833),American,Francis Asbury (b. Aug 1745; d. 31 Mar 1816),FALSE,Male,Regular,1813,"https://ids.si.edu/ids/iiif/NPG-NPG_90_82Asbury-000001/full/250,/0/default.jpg",[https://ids.si.edu/ids/deliveryService?id=NPG-NPG_90_82Asbury-000001]
Francis Scott Key,Rembrandt Peale (b. 22 Feb 1778; 3 Oct 1860),American,Francis Scott Key (b. 1 Aug 1779; d. 11 Jan 1843),FALSE,Male,Regular,ca. 1796,"https://ids.si.edu/ids/iiif/NPG-NPG_2016_22/full/250,/0/default.jpg",[https://ids.si.edu/ids/deliveryService?id=NPG-NPG_2016_22]
Frederick Augustus Conrad Muhlenberg,Joseph Wright (b. 16 Jul 1756l d.11 Oct 1793),English,Frederick Augustus Conrad Muhlenberg (b. 1 Jan 1750; d. 4 Jun 1801),FALSE,Male,Regular,1790,"https://ids.si.edu/ids/iiif/NPG-NPG_74_1/full/250,/0/default.jpg",[https://ids.si.edu/ids/deliveryService?id=NPG-NPG_74_1]
General John Cadwalader,"Charles Willson Peale (b. Queen Anne's County, MD 1741; d. Philadelphia, PA 1827)",American,John Cadwalader,FALSE,Male,Miniature,ca. 1788,"https://ids.si.edu/ids/iiif/SAAM-1999.27.30_1/full/250,/0/default.jpg",[https://ids.si.edu/ids/deliveryService?id=SAAM-1999.27.30_1]
George Clinton,,,George Clinton (b. 26 Jul 1739; d. 20 Apr 1812),FALSE,Male,Regular,ca. 1806,"https://ids.si.edu/ids/iiif/NPG-NPG_84_172/full/250,/0/default.jpg",[https://ids.si.edu/ids/deliveryService?id=NPG-NPG_84_172]
George Clymer,,,George Clymer (b. 16 Mar 1739; d. 25 Jan 1813),FALSE,Male,Regular,ca. 1807-10,"https://ids.si.edu/ids/iiif/NPG-7200010A/full/250,/0/default.jpg",[https://ids.si.edu/ids/deliveryService?id=NPG-7200010A]
George Fisher,"Raphaelle Peale (b. Annapolis, MD 1774; d. Philadelphia, PA 1825)",American,George Fisher,FALSE,Male,Miniature,ca. 1795,"https://ids.si.edu/ids/iiif/SAAM-1950.4.24_1/full/250,/0/default.jpg",[https://ids.si.edu/ids/deliveryService?id=SAAM-1950.4.24_1]
George Read,Robert Edge Pine (b. 1730; d. 1788),English,George Read (b. 18 Sep 1733; d. 21 Sep 1798),FALSE,Male,Regular,1784,"https://ids.si.edu/ids/iiif/NPG-NPG_72_4/full/250,/0/default.jpg",[https://ids.si.edu/ids/deliveryService?id=NPG-NPG_72_4]
George Rogers Clark,,,Gen. George Rogers Clark (b. 19 Nov 1752; d. 13 Feb 1818),FALSE,Male,Regular,ca. 1810,"https://ids.si.edu/ids/iiif/NPG-NPG_69_48/full/250,/0/default.jpg",[https://ids.si.edu/ids/deliveryService?id=NPG-NPG_69_48]
George Washington,Rembrandt Peale (b. 22 Feb 1778; 3 Oct 1860),American,George Washington (b. 22 Feb 1732; d. 14 Dec 1799),FALSE,Male,Regular,1795,"https://ids.si.edu/ids/iiif/NPG-NPG_65_59/full/250,/0/default.jpg",[https://ids.si.edu/ids/deliveryService?id=NPG-NPG_65_59]
George Washington,Robert Edge Pine (b. 1730; d. 1788),English,George Washington (b. 22 Feb 1732; d. 14 Dec 1799),FALSE,Male,Regular,1785,"https://ids.si.edu/ids/iiif/NPG-NPG_80_16GW-000001/full/250,/0/default.jpg",[https://ids.si.edu/ids/deliveryService?id=NPG-NPG_80_16GW-000001]
George Washington,,,George Washington,FALSE,Male,Regular,1803,"https://ids.si.edu/ids/iiif/SAAM-XX108A_1/full/250,/0/default.jpg",[https://ids.si.edu/ids/deliveryService?id=SAAM-XX108A_1]
George Washington,Ellen Wallace Sharples (b. 1769; d. 1849),English,George Washington (b. 22 Feb 1732; d. 14 Dec 1799),FALSE,Male,Regular,ca. 1803,"https://ids.si.edu/ids/iiif/NPG-NPG_2013_142GW-000001/full/250,/0/default.jpg","[https://ids.si.edu/ids/deliveryService?id=NPG-NPG_2013_142GW-000001, https://ids.si.edu/ids/deliveryService?id=NPG-NPG_2013_142GW_int, https://ids.si.edu/ids/deliveryService?id=NPG-NPG_2013_142versoGW_int]"
George Washington,,,George Washington (b. 22 Feb 1732; d. 14 Dec 1799),FALSE,Male,Regular,after 1796,"https://ids.si.edu/ids/iiif/NPG-NPG_2013_140GW-000001/full/250,/0/default.jpg","[https://ids.si.edu/ids/deliveryService?id=NPG-NPG_2013_140GW-000001, https://ids.si.edu/ids/deliveryService?id=NPG-NPG_2013_140versoGW_int]"
George Washington,William Clarke (b. 1785; d. 1806),American,George Washington (b. 22 Feb 1732; d. 14 Dec 1799),FALSE,Male,Regular,1800,"https://ids.si.edu/ids/iiif/NPG-NPG_2012_90GW-000001/full/250,/0/default.jpg",[https://ids.si.edu/ids/deliveryService?id=NPG-NPG_2012_90GW-000001]
George Washington (Lansdowne Portrait),Gilbert Stuart (b. 3 Dec 1755; 9 Jul 1828),American,George Washington (b. 22 Feb 1732; d. 14 Dec 1799),FALSE,Male,Regular,1796,"https://ids.si.edu/ids/iiif/NPG-NPG_2001_13_ext/full/250,/0/default.jpg",[https://ids.si.edu/ids/deliveryService?id=NPG-NPG_2001_13_ext]
Henry B. Bounetheau's Aunt,"Edward Greene Malbone (b. Newport, RI 1777; Savannah, GA 1807)",American,aunt Henry B. Bounetheau,FALSE,Female,Miniature,ca. 1804,"https://ids.si.edu/ids/iiif/SAAM-1946.3.16_1/full/250,/0/default.jpg",[https://ids.si.edu/ids/deliveryService?id=SAAM-1946.3.16_1]
Henry Cruger,,,Henry Cruger (b. 22 Nov 1739; d. 24 Apr 1827),FALSE,Male,Regular,1770,"https://ids.si.edu/ids/iiif/NPG-NPG_81_117Cruger-000001/full/250,/0/default.jpg",[https://ids.si.edu/ids/deliveryService?id=NPG-NPG_81_117Cruger-000001]
Henry Knox,Charles Peale Polk (b. 17 Mar 1767; 6 May 1822),American,Henry Knox (b. 25 Jul 1750; d. 25 Oct 1806),FALSE,Male,Regular,after 1783,"https://ids.si.edu/ids/iiif/NPG-NPG_73_11/full/250,/0/default.jpg",[https://ids.si.edu/ids/deliveryService?id=NPG-NPG_73_11]
Henry Laurens,John Singleton Copley (b. 3 Jul 1738; 9 Sep 1815),American,Henry Laurens (b. 6 Mar 1724; d. 8 Dec 1792),FALSE,Male,Regular,1782,"https://ids.si.edu/ids/iiif/NPG-NPG_65_45Laurens_d1/full/250,/0/default.jpg",[https://ids.si.edu/ids/deliveryService?id=NPG-NPG_65_45Laurens_d1]
Horatio Gates,"James Peale (b. Chestertown, MD 1749; Philadelphia, PA 1831)",American,Horatio Gates (b. 1727; d. 1806),FALSE,Male,Regular,ca. 1782,"https://ids.si.edu/ids/iiif/NPG-NPG_69_50/full/250,/0/default.jpg",[https://ids.si.edu/ids/deliveryService?id=NPG-NPG_69_50]
Howes Goldsborough,"James Peale (b. Chestertown, MD 1749; Philadelphia, PA 1831)",American,Howes Goldsborough,FALSE,Male,Miniature,1799,"https://ids.si.edu/ids/iiif/SAAM-1948.5.1_1/full/250,/0/default.jpg",[https://ids.si.edu/ids/deliveryService?id=SAAM-1948.5.1_1]
Isaac Praul,Lewis Aubineau (active 1799-1814),American,Isaac Praul,FALSE,Male,Miniature,ca. 1805,"https://ids.si.edu/ids/iiif/SAAM-1950.4.15_1/full/250,/0/default.jpg",[https://ids.si.edu/ids/deliveryService?id=SAAM-1950.4.15_1]
Isabel O'Daly,"José Campeche y Jordán (b. San Juan, Puerto Rico 1751; d. San Juan, Puerto Rico 1809)",Puerto Rican,Isabel O'Daly,FALSE,Female,Regular,1808,"https://ids.si.edu/ids/iiif/SAAM-1996.91.2_1/full/250,/0/default.jpg",[https://ids.si.edu/ids/deliveryService?id=SAAM-1996.91.2_1]
"James Cunningham, Last Earl of Glencairn",,English,James Cunningham,FALSE,Male,Miniature,ca. 1790,"https://ids.si.edu/ids/iiif/SAAM-1951.3.8_1/full/250,/0/default.jpg",[https://ids.si.edu/ids/deliveryService?id=SAAM-1951.3.8_1]
James Madison,Thomas Sully (b. 19 Jun 1783; d. 5 Nov 1872),"American, English",James Madison (b. 16 Mar 1751; d. 28 Jun 1836),FALSE,Male,Regular,1809,"https://ids.si.edu/ids/iiif/NPG-NPG_2019_32-000001/full/250,/0/default.jpg",[https://ids.si.edu/ids/deliveryService?id=NPG-NPG_2019_32-000001]
James Rumsey,,,James Rumsey,FALSE,Male,Regular,ca. 1790,"https://ids.si.edu/ids/iiif/SAAM-1957.11.2_1/full/250,/0/default.jpg",[https://ids.si.edu/ids/deliveryService?id=SAAM-1957.11.2_1]
James Smithson,James Roberts (b. 1753; d. 1809),English,James Smithson (b. ca. 1765; d. 1829),FALSE,Male,Regular,1786,"https://ids.si.edu/ids/iiif/NPG-NPG_96_28Smithson1L-000001/full/250,/0/default.jpg",[https://ids.si.edu/ids/deliveryService?id=NPG-NPG_96_28Smithson1L-000001]
James Wilson,"Jean Pierre Henri Elouis (b. Caen, France 1755; d. Caen, France 1840)",French,James Wilson,FALSE,Male,Miniature,ca. 1792,"https://ids.si.edu/ids/iiif/SAAM-1952.3.3_1/full/250,/0/default.jpg",[https://ids.si.edu/ids/deliveryService?id=SAAM-1952.3.3_1]
Jane Gray Wall,"Joseph Francis Burrell (b. English, born 1770; d. after 1854)",English,Jane Gray Wall,FALSE,Female,Miniature,ca. 1795,"https://ids.si.edu/ids/iiif/SAAM-1999.87.3_1/full/250,/0/default.jpg",[https://ids.si.edu/ids/deliveryService?id=SAAM-1999.87.3_1]
Jane Stone,"Benjamin Trott (b. Boston, MA 1770; d. Washington, DC 1843)",American,Jane Stone,FALSE,Female,Miniature,ca. 1805,"https://ids.si.edu/ids/iiif/SAAM-1934.11.1_1/full/250,/0/default.jpg",[https://ids.si.edu/ids/deliveryService?id=SAAM-1934.11.1_1]
Jeremiah Williams,"Christian Gullager (b. Copenhagen, Denmark 1759; d. Philadelphia, PA 1826)",Danish,Jeremiah Williams,FALSE,Male,Regular,ca. 1789-1790,"https://ids.si.edu/ids/iiif/SAAM-1977.101.1_2/full/250,/0/default.jpg",[https://ids.si.edu/ids/deliveryService?id=SAAM-1977.101.1_2]
Joel Barlow,"William Dunlap (b. 18 Feb 1766; d, 28 Sep 1839)",American,Joel Barlow (b. 24 Mar 1754; d. 26 Dec 1812),FALSE,Male,Regular,1806,"https://ids.si.edu/ids/iiif/NPG-NPG_76_30/full/250,/0/default.jpg",[https://ids.si.edu/ids/deliveryService?id=NPG-NPG_76_30]
Joel Barlow,Robert Fulton (b. 14 Nov 1765; d. 25 Feb 1815),American,Joel Barlow (b. 24 Mar 1754; d. 26 Dec 1812),FALSE,Male,Regular,1805,"https://ids.si.edu/ids/iiif/NPG-NPG_83_249/full/250,/0/default.jpg",[https://ids.si.edu/ids/deliveryService?id=NPG-NPG_83_249]
John Adams,John Trumbull (b. 6 Jun 1756; d. 10 Nov 1843),American,John Adams (b. 30 Oct 1735; d. 4 Jul 1826),FALSE,Male,Regular,1793,"https://ids.si.edu/ids/iiif/NPG-NPG_75_52/full/250,/0/default.jpg",[https://ids.si.edu/ids/deliveryService?id=NPG-NPG_75_52]
John Dallas,,,John Dallas,FALSE,Male,Miniature,ca. 1801,"https://ids.si.edu/ids/iiif/SAAM-1999.27.80_1/full/250,/0/default.jpg",[https://ids.si.edu/ids/deliveryService?id=SAAM-1999.27.80_1]
John Ewing,Charles Willson Peale (b. 15 Apr 1741; d. 22 Feb 1827),American,John Ewing (b. 1732; d. 1802),FALSE,Male,Regular,1788,"https://ids.si.edu/ids/iiif/NPG-NPG_2001_15/full/250,/0/default.jpg",[https://ids.si.edu/ids/deliveryService?id=NPG-NPG_2001_15]
John Howard Payne,John Wesley Jarvis (b. 1780; d. 14 Jan 1840),American,John Howard Payne (b. 9 Jun 1791; d. 10 Apr 1852),FALSE,Male,Regular,1812,"https://ids.si.edu/ids/iiif/NPG-NPG_2019_28-000001/full/250,/0/default.jpg",[https://ids.si.edu/ids/deliveryService?id=NPG-NPG_2019_28-000001]
John Jauncey Ketchum,"Walter Robertson (b. Dublin, Ireland ca. 1750;d. Fatehpur, India 1801/02)",Irish,John Jauncey Ketchum,FALSE,Male,Miniature,ca. 1795,"https://ids.si.edu/ids/iiif/SAAM-1986.64.1_1/full/250,/0/default.jpg",[https://ids.si.edu/ids/deliveryService?id=SAAM-1986.64.1_1]
John Laurens,Charles Willson Peale (b. 15 Apr 1741; d. 22 Feb 1827),American,John Laurens (b. 28 Oct 1754; d. 27 Aug 1782),FALSE,Male,Regular,1780,"https://ids.si.edu/ids/iiif/NPG-NPG_2009_111/full/250,/0/default.jpg","[https://ids.si.edu/ids/deliveryService?id=NPG-NPG_2009_111, https://ids.si.edu/ids/deliveryService?id=NPG-NPG_2009_111reverse]"
John Marshall,Cephas Thompson (b. 1 Jul 1775; d. 6 Nov 1856),American,John Marshall (b. 24 Sep 1755; d. 6 Jul 1835),FALSE,Male,Regular,1809-10,"https://ids.si.edu/ids/iiif/NPG-NPG_2010_48_ext/full/250,/0/default.jpg",[https://ids.si.edu/ids/deliveryService?id=NPG-NPG_2010_48_ext]
John Paul Jones,,,John Paul Jones (b. 6 Jul 1747; d. 18 Jul 1792),FALSE,Male,Regular,1780,"https://ids.si.edu/ids/iiif/NPG-NPG_73_10Jones_int/full/250,/0/default.jpg",[https://ids.si.edu/ids/deliveryService?id=NPG-NPG_73_10Jones_int]
John Quincy Adams,Pieter Van Huffel (b. 1769; d. 1844),Belgian,John Quincy Adams (b. 11 Jul 1767; d. 23 Feb 1848),FALSE,Male,Regular,1815,"https://ids.si.edu/ids/iiif/NPG-NPG_70_12Adams-000002/full/250,/0/default.jpg",[https://ids.si.edu/ids/deliveryService?id=NPG-NPG_70_12Adams-000002]
John Quincy Adams,,,John Quincy Adams (b. 11 Jul 1767; d. 23 Feb 1848),FALSE,Male,Miniature,early 19th century,"https://ids.si.edu/ids/iiif/SAAM-1999.27.58_1/full/250,/0/default.jpg",[https://ids.si.edu/ids/deliveryService?id=SAAM-1999.27.58_1]
John Randolph,John Wesley Jarvis (b. 1780; d. 14 Jan 1840),American,John Randolph (b. 2 Jun 1773; d. 24 May 1833),FALSE,Male,Regular,1811,"https://ids.si.edu/ids/iiif/NPG-NPG_70_246Randolph_d1/full/250,/0/default.jpg",[https://ids.si.edu/ids/deliveryService?id=NPG-NPG_70_246Randolph_d1]
John Rutledge,,,John Rutledge (b. 1739; d. 18 Jul 1800),FALSE,Male,Regular,ca. 1791,"https://ids.si.edu/ids/iiif/NPG-9700390A_1/full/250,/0/default.jpg",[https://ids.si.edu/ids/deliveryService?id=NPG-9700390A_1]
John Sergeant,Thomas Sully (b. 19 Jun 1783; d. 5 Nov 1872),"American, English",John Sergeant (b. 5 Dec 1779; d. 25 Nov 1852),FALSE,Male,Regular,1811,"https://ids.si.edu/ids/iiif/NPG-8400358A_1/full/250,/0/default.jpg",[https://ids.si.edu/ids/deliveryService?id=NPG-8400358A_1]
John Singleton Copley,John Singleton Copley (b. 3 Jul 1738; d. 9 Sep 1815),American,John Singleton Copley (b. 3 Jul 1738; d. 9 Sep 1815),TRUE,Male,Regular,ca. 1780-84,"https://ids.si.edu/ids/iiif/NPG-NPG_77_22-000001/full/250,/0/default.jpg",[https://ids.si.edu/ids/deliveryService?id=NPG-NPG_77_22-000001]
John Swanwick,"Matthew Pratt (b. Philadelphia, PA 1734; d. Philadelphia, PA 1805)",American,John Swanwick,FALSE,Male,Regular,ca. 1800,"https://ids.si.edu/ids/iiif/SAAM-2010.16.2_1/full/250,/0/default.jpg",[https://ids.si.edu/ids/deliveryService?id=SAAM-2010.16.2_1]
John Tower,"James Peale (b. Chestertown, MD 1749; d. Philadelphia, PA 1831)",American,John Tower,FALSE,Male,Miniature,1806,"https://ids.si.edu/ids/iiif/SAAM-1999.27.35_1/full/250,/0/default.jpg",[https://ids.si.edu/ids/deliveryService?id=SAAM-1999.27.35_1]
John Winthrop,,,John Winthrop (b. 1587/8; d. 1649),FALSE,Male,Regular,"ca. 1800, after early 17th century original","https://ids.si.edu/ids/iiif/NPG-NPG_2004_1/full/250,/0/default.jpg",[https://ids.si.edu/ids/deliveryService?id=NPG-NPG_2004_1]
John Witherspoon,Rembrandt Peale (b. 22 Feb 1778; 3 Oct 1860),American,John Witherspoon (b. 5 Feb 1723; d. 15 Nov 1794),FALSE,Male,Regular,1794,"https://ids.si.edu/ids/iiif/NPG-NPG_91_81Witherspoon_d1/full/250,/0/default.jpg",[https://ids.si.edu/ids/deliveryService?id=NPG-NPG_91_81Witherspoon_d1]
Jonas Phillips,,,Jonas Phillips (b. 1736; d. 29 Jan 1803),FALSE,Male,Regular,ca. 1790,"https://ids.si.edu/ids/iiif/NPG-NPG_97_189-000001/full/250,/0/default.jpg",[https://ids.si.edu/ids/deliveryService?id=NPG-NPG_97_189-000001]
Joseph Ball,"Christian Gullager (b. Copenhagen, Denmark 1759; d. Philadelphia, PA 1826)",Danish,Joseph Ball,FALSE,Male,Regular,1798 -1805,"https://ids.si.edu/ids/iiif/SAAM-2010.16.1_1/full/250,/0/default.jpg",[https://ids.si.edu/ids/deliveryService?id=SAAM-2010.16.1_1]
Joseph Curwen,"Edward Greene Malbone (b. Newport, RI 1777; d. Savannah, GA 1807)",American,Joseph Curwen,FALSE,Male,Miniature,1804,"https://ids.si.edu/ids/iiif/SAAM-1984.2_1/full/250,/0/default.jpg",[https://ids.si.edu/ids/deliveryService?id=SAAM-1984.2_1]
Joseph Fox,,,Joseph Fox,FALSE,Male,Miniature,1790s,"https://ids.si.edu/ids/iiif/SAAM-1999.27.68_1/full/250,/0/default.jpg",[https://ids.si.edu/ids/deliveryService?id=SAAM-1999.27.68_1]
Joseph Galloway,,,Joseph Galloway (b. 1731; d. 29 Aug 1803),FALSE,Male,Regular,ca. 1775,"https://ids.si.edu/ids/iiif/NPG-NPG_92_33_int-000001/full/250,/0/default.jpg",[https://ids.si.edu/ids/deliveryService?id=NPG-NPG_92_33_int-000001]
Joseph Lavoir de Repiton,Francis Rabineau (active 1791-1808),American,Joseph Repiton,FALSE,Male,Miniature,ca. 1798,"https://ids.si.edu/ids/iiif/SAAM-1980.126.2_1/full/250,/0/default.jpg",[https://ids.si.edu/ids/deliveryService?id=SAAM-1980.126.2_1]
Josiah Hewes Anthony,"James Peale (b. Chestertown, MD 1749; d. Philadelphia, PA 1831)",American,Josiah Hewes Anthony,FALSE,Male,Miniature,1790,"https://ids.si.edu/ids/iiif/SAAM-1952.12.2_1/full/250,/0/default.jpg",[https://ids.si.edu/ids/deliveryService?id=SAAM-1952.12.2_1]
Juliana Westray Wood,Rembrandt Peale (b. 22 Feb 1778; d. 3 Oct 1860),American,Juliana Westray Wood (b. 1778; d. 1838),FALSE,Female,Regular,ca. 1811,"https://ids.si.edu/ids/iiif/NPG-NPG_81_120Wood_d1/full/250,/0/default.jpg",[https://ids.si.edu/ids/deliveryService?id=NPG-NPG_81_120Wood_d1]
Lawrence Reid Yates,"Walter Robertson (b. Dublin, Ireland ca. 1750; d. Fatehpur, India 1801/02)",Irish,Lawrence Reid Yates,FALSE,Male,Miniature,ca. 1794,"https://ids.si.edu/ids/iiif/SAAM-1956.1.3_1/full/250,/0/default.jpg",[https://ids.si.edu/ids/deliveryService?id=SAAM-1956.1.3_1]
Le Duc de Liancourt,"Charles Willson Peale (b. Queen Anne's County, MD 1741; d. Philadelphia, PA 1827)",American,Duc de Liancourt,FALSE,Male,Miniature,ca.1794-1797,"https://ids.si.edu/ids/iiif/SAAM-1974.87_1/full/250,/0/default.jpg",[https://ids.si.edu/ids/deliveryService?id=SAAM-1974.87_1]
"Louis-Guillaume Otto, comte de Mosloy","Charles Willson Peale (b. Queen Anne's County, MD 1741; d. Philadelphia, PA 1827)",American,Comte de Mosloy Louis Guillaume Otto,FALSE,Male,Miniature,ca. 1780,"https://ids.si.edu/ids/iiif/SAAM-1999.87.6_1/full/250,/0/default.jpg",[https://ids.si.edu/ids/deliveryService?id=SAAM-1999.87.6_1]
Major-General Anthony Wayne,"James Peale (b. Chestertown, MD 1749; d. Philadelphia, PA 1831)",American,Anthony Wayne,FALSE,Male,Miniature,ca. 1795,"https://ids.si.edu/ids/iiif/SAAM-1999.27.41_1/full/250,/0/default.jpg",[https://ids.si.edu/ids/deliveryService?id=SAAM-1999.27.41_1]
Margaret Spear Smith,Gilbert Stuart (b. 3 Dec 1755; 9 Jul 1828),American,Margaret Spear Smith (b. 1758; d. 1842),FALSE,Female,Regular,ca. 1800,"https://ids.si.edu/ids/iiif/NPG-S_NPG_66_64/full/250,/0/default.jpg",[https://ids.si.edu/ids/deliveryService?id=NPG-S_NPG_66_64]
Marguerite Repiton (Mrs. Joseph),Francis Rabineau (active 1791-1808),French,"Mrs. Joseph Repiton, Marguerite Repiton",FALSE,Female,Miniature,ca. 1798,"https://ids.si.edu/ids/iiif/SAAM-1980.126.3_1/full/250,/0/default.jpg",[https://ids.si.edu/ids/deliveryService?id=SAAM-1980.126.3_1]
Mary Abigail Willing Coale,"Thomas Sully (b. Horncastle, England 1783; d. Philadelphia, PA 1872)","American, English",Mary Abigail Willing Coale,FALSE,Female,Regular,1809,"https://ids.si.edu/ids/iiif/SAAM-1926.6.4_1/full/250,/0/default.jpg",[https://ids.si.edu/ids/deliveryService?id=SAAM-1926.6.4_1]
Mary Thayer Holden,Thomas Young (b. 1765; d. 1821),American,Mary Thayer Holden,FALSE,Female,Miniature,ca. 1805,"https://ids.si.edu/ids/iiif/SAAM-1950.4.3_1/full/250,/0/default.jpg",[https://ids.si.edu/ids/deliveryService?id=SAAM-1950.4.3_1]
Mary Walsh McBlair,,,Mary Walsh McBlair,FALSE,Female,Miniature,ca. 1801-1872,"https://ids.si.edu/ids/iiif/SAAM-1999.27.47_1/full/250,/0/default.jpg",[https://ids.si.edu/ids/deliveryService?id=SAAM-1999.27.47_1]
Master Peters,"Joseph Wood (b. Clarkstown, NY 1778; d. Washington, DC 1830)",American,Master Peters,FALSE,Male,Miniature,1804,"https://ids.si.edu/ids/iiif/SAAM-1981.32_1/full/250,/0/default.jpg",[https://ids.si.edu/ids/deliveryService?id=SAAM-1981.32_1]
Matilda Davis Williams,"Christian Gullager (b. Copenhagen, Denmark 1759; d. Philadelphia, PA 1826)",Danish,Matilda Davis Williams,FALSE,Female,Regular,ca. 1791-1792,"https://ids.si.edu/ids/iiif/SAAM-1977.101.2_2/full/250,/0/default.jpg",[https://ids.si.edu/ids/deliveryService?id=SAAM-1977.101.2_2]
Member of the Mayfield Family,"George Place, Irish (b. Dublin, Ireland 1760 or 1775; d. Lucknow, India 1805 or 1809)",Irish,Mayfield,FALSE,Male,Miniature,ca. 1805,"https://ids.si.edu/ids/iiif/SAAM-1953.7.4_1/full/250,/0/default.jpg",[https://ids.si.edu/ids/deliveryService?id=SAAM-1953.7.4_1]
Member of the Washington Family,"James Peale (b. Chestertown, MD 1749; d. Philadelphia, PA 1831)",American,,FALSE,Male,Miniature,ca. 1795,"https://ids.si.edu/ids/iiif/SAAM-1950.10.2_1-000001/full/250,/0/default.jpg",[https://ids.si.edu/ids/deliveryService?id=SAAM-1950.10.2_1-000001]
Member of the Yates Family,,,Yates,FALSE,Male,Miniature,ca. 1780,"https://ids.si.edu/ids/iiif/SAAM-1956.1.1_1/full/250,/0/default.jpg",[https://ids.si.edu/ids/deliveryService?id=SAAM-1956.1.1_1]
Miriam Etting Myers,"Benjamin Trott (b. Boston, MA ca. 1770; d. Washington, DC 1843)",American,Miriam Etting Myers,FALSE,Female,Miniature,ca. 1805,"https://ids.si.edu/ids/iiif/SAAM-1959.5.1_1/full/250,/0/default.jpg",[https://ids.si.edu/ids/deliveryService?id=SAAM-1959.5.1_1]
Miss Kirkpatrick,"George Romney (b. Dalton-le-Furness, England 1734 d. Kendal)",English,Miss Kirkpatrick,FALSE,Female,Regular,ca. 1772,"https://ids.si.edu/ids/iiif/SAAM-1906.9.17_1/full/250,/0/default.jpg",[https://ids.si.edu/ids/deliveryService?id=SAAM-1906.9.17_1]
Miss Lettie Stanley,,,Lettie Stanley,FALSE,Female,Miniature,ca. 1810,"https://ids.si.edu/ids/iiif/SAAM-1950.4.29_1/full/250,/0/default.jpg",[https://ids.si.edu/ids/deliveryService?id=SAAM-1950.4.29_1]
Mr. Baker,,,Mr. Baker,FALSE,Male,Miniature,ca. 1800-1814,"https://ids.si.edu/ids/iiif/SAAM-1999.27.18_1/full/250,/0/default.jpg",[https://ids.si.edu/ids/deliveryService?id=SAAM-1999.27.18_1]
Mr. John Corlis,"Edward Greene Malbone (b. Newport, RI 1777 d. Savannah)",,John Corlis,FALSE,Male,Miniature,1795,"https://ids.si.edu/ids/iiif/SAAM-1980.29.1_1/full/250,/0/default.jpg",[https://ids.si.edu/ids/deliveryService?id=SAAM-1980.29.1_1]
Mr. Lawrence of Boston,"Edward Greene Malbone (b. Newport, RI 1777 d. Savannah)",,Mr. Lawrence,FALSE,Male,Miniature,1803,"https://ids.si.edu/ids/iiif/SAAM-1929.6.71_1/full/250,/0/default.jpg",[https://ids.si.edu/ids/deliveryService?id=SAAM-1929.6.71_1]
Mr. Nichol,"John Wesley Jarvis (b. South Shields, England 1780 d. New York City 1840)",English,Mr. Nichol,FALSE,Male,Miniature,1809,"https://ids.si.edu/ids/iiif/SAAM-1942.2.1_1/full/250,/0/default.jpg",[https://ids.si.edu/ids/deliveryService?id=SAAM-1942.2.1_1]
Mrs. Abraham Van Santvoort of New York,"Ezra Ames (b. Framingham, MA 1768 d. Albany)",,Mrs. Abraham Van Santvoort,FALSE,Female,Miniature,ca. 1805,"https://ids.si.edu/ids/iiif/SAAM-1950.4.18_1/full/250,/0/default.jpg",[https://ids.si.edu/ids/deliveryService?id=SAAM-1950.4.18_1]
Mrs. Alexander Rose (Margaret Smith),"Pierre Henri (b. Paris, France ca. 1760 d. NY 1822)",French,"Mrs. Alexander Rose, Margaret Smith",FALSE,Female,Miniature,ca. 1788,"https://ids.si.edu/ids/iiif/SAAM-1933.7.1_1/full/250,/0/default.jpg",[https://ids.si.edu/ids/deliveryService?id=SAAM-1933.7.1_1]
Mrs. Baker,,,Mrs. Baker,FALSE,Female,Miniature,ca. 1800-1814,"https://ids.si.edu/ids/iiif/SAAM-1999.27.19_1/full/250,/0/default.jpg",[https://ids.si.edu/ids/deliveryService?id=SAAM-1999.27.19_1]
Mrs. Cornelius Baldwin (Mary Briscoe),"Philippe Abraham Peticolas (b. Meziers, France 1760 d. Petersburg)",French,Mary Briscoe Baldwin,FALSE,Female,Miniature,1797,"https://ids.si.edu/ids/iiif/SAAM-1943.3.2_1/full/250,/0/default.jpg",[https://ids.si.edu/ids/deliveryService?id=SAAM-1943.3.2_1]
Mrs. Elizabeth Pollock Hartigan,"Walter Robertson (b. Dublin, Ireland ca. 1750 d. Fatehpur)",Irish,Mrs. Elizabeth Pollock Hartigan,FALSE,Female,Miniature,1795,"https://ids.si.edu/ids/iiif/SAAM-1956.1.4_1/full/250,/0/default.jpg",[https://ids.si.edu/ids/deliveryService?id=SAAM-1956.1.4_1]
Mrs. Fenno Knight (née du Clois),,French,Mrs. Fenno Knight,FALSE,Female,Miniature,1799,"https://ids.si.edu/ids/iiif/SAAM-1931.5.1_1/full/250,/0/default.jpg",[https://ids.si.edu/ids/deliveryService?id=SAAM-1931.5.1_1]
Mrs. George Willig,"Philippe Abraham Peticolas (b. Meziers, France 1760 d. Petersburg)",French,Mrs. George Willig,FALSE,Female,Miniature,1804,"https://ids.si.edu/ids/iiif/SAAM-1959.9.2_1/full/250,/0/default.jpg",[https://ids.si.edu/ids/deliveryService?id=SAAM-1959.9.2_1]
Mrs. James Smith and Grandson,"Charles Willson Peale (b. Queen Anne's County, MD 1741 d. Philadelphia)",American,"Mrs. James Smith, Campbell Smith",FALSE,Female,Regular,1776,"https://ids.si.edu/ids/iiif/SAAM-1980.93_1/full/250,/0/default.jpg",[https://ids.si.edu/ids/deliveryService?id=SAAM-1980.93_1]
Mrs. John Corlis (Susannah Condé Russell),"Edward Greene Malbone (b. Newport, RI 1777 d. Savannah)",American,Mrs. John Corlis,FALSE,Female,Miniature,1795,"https://ids.si.edu/ids/iiif/SAAM-1980.29.2_1/full/250,/0/default.jpg",[https://ids.si.edu/ids/deliveryService?id=SAAM-1980.29.2_1]
Mrs. John McCluney,"James Peale (b. Chestertown, MD 1749 d. Philadelphia)",American,Mrs. John Mc Cluney,FALSE,Female,Miniature,ca. 1795,"https://ids.si.edu/ids/iiif/SAAM-1950.12.3_1/full/250,/0/default.jpg",[https://ids.si.edu/ids/deliveryService?id=SAAM-1950.12.3_1]
Mrs. Joseph Manigault (Charlotte Drayton),"Edward Greene Malbone (b. Newport, RI 1777 d. Savannah)",American,"Mrs. Joseph Manigault, Charlotte Drayton",FALSE,Female,Miniature,ca. 1801,"https://ids.si.edu/ids/iiif/SAAM-1970.296_1/full/250,/0/default.jpg",[https://ids.si.edu/ids/deliveryService?id=SAAM-1970.296_1]
Mrs. Joseph Wright,"Ralph Earl (b. Worcester County, MA 1751 d. Bolton)",American,"Mrs. Joseph Wright, Hannah Wright",FALSE,Female,Regular,1792,"https://ids.si.edu/ids/iiif/SAAM-1975.49.2_1/full/250,/0/default.jpg",[https://ids.si.edu/ids/deliveryService?id=SAAM-1975.49.2_1]
Mrs. Philip John Schuyler (Catherine van Rensselaer),"Walter Robertson (b. Dublin, Ireland ca. 1750 d. Fatehpur)",Irish,Mrs. Philip van Rensselaer Schuyler,FALSE,Female,Miniature,ca. 1795,"https://ids.si.edu/ids/iiif/SAAM-1999.27.43_1/full/250,/0/default.jpg",[https://ids.si.edu/ids/deliveryService?id=SAAM-1999.27.43_1]
Mrs. Richard Alsop,"Ralph Earl (b. Worcester County, MA 1751 d. Bolton)",American,"Mary Alsop, Mrs. Richard Alsop",FALSE,Female,Regular,1792,"https://ids.si.edu/ids/iiif/SAAM-1975.49.1_1/full/250,/0/default.jpg",[https://ids.si.edu/ids/deliveryService?id=SAAM-1975.49.1_1]
Mrs. Richard Yates,,,"Mrs. Richard Yates, Catherine Brass",FALSE,Female,Miniature,ca. 1790,"https://ids.si.edu/ids/iiif/SAAM-1956.1.2_1/full/250,/0/default.jpg",[https://ids.si.edu/ids/deliveryService?id=SAAM-1956.1.2_1]
Mrs. Thomas Wilson,"Charles Robertson (b. Dublin, Ireland 1759 d. Dublin)",Irish,Mrs. Thomas Wilson,FALSE,Female,Miniature,ca. 1800,"https://ids.si.edu/ids/iiif/SAAM-1944.7.5_1/full/250,/0/default.jpg",[https://ids.si.edu/ids/deliveryService?id=SAAM-1944.7.5_1]
Mrs. William Boswell Lamb (Margaret Stuart Kerr),,,"Margaret Lamb, Mrs. R. William Lamb",FALSE,Female,Miniature,ca. 1795,"https://ids.si.edu/ids/iiif/SAAM-1980.126.5_1/full/250,/0/default.jpg",[https://ids.si.edu/ids/deliveryService?id=SAAM-1980.126.5_1]
Patience Lovell Wright,,,Patience Lovell Wright (b. 1725; d. 23 Mar 1786),FALSE,Female,Regular,ca. 1782,"https://ids.si.edu/ids/iiif/NPG-8600336A_1/full/250,/0/default.jpg",[https://ids.si.edu/ids/deliveryService?id=NPG-8600336A_1]
Peter Boylston Adams?,"John Singleton Copley (b. Boston, MA 1738; d. 1815)",American,Peter Boylston Adams,FALSE,Male,Miniature,ca. 1765-1770,"https://ids.si.edu/ids/iiif/SAAM-1999.27.7_1/full/250,/0/default.jpg",[https://ids.si.edu/ids/deliveryService?id=SAAM-1999.27.7_1]
Portrait of Adelia Ellender,"Joshua Johnson (b. Baltimore County, MD ca.1763; d. Ann Arundel County, MD ca. 1825)",American,Adelia Ellender,FALSE,Female,Regular,ca. 1803-1805,"https://ids.si.edu/ids/iiif/SAAM-1983.95.55_1/full/250,/0/default.jpg",[https://ids.si.edu/ids/deliveryService?id=SAAM-1983.95.55_1]
Portrait of Edward Shippen Burd of Philadelphia,"Rembrandt Peale (b. PA 1778; d. Philadelphia, PA 1860)",American,Edward Shippen Burd,FALSE,Male,Regular,ca. 1806-1808,"https://ids.si.edu/ids/iiif/SAAM-1971.3_1/full/250,/0/default.jpg",[https://ids.si.edu/ids/deliveryService?id=SAAM-1971.3_1]
Portrait of General Giles,"Joseph Wright (b. Bordentown, NJ 1756 d. Philadelphia)",American,General Giles,FALSE,Male,Regular,ca. 1785,"https://ids.si.edu/ids/iiif/SAAM-1975.75_1/full/250,/0/default.jpg",[https://ids.si.edu/ids/deliveryService?id=SAAM-1975.75_1]
Portrait of Mrs. Barbara Baker Murphy (Wife of Sea Captain),"Joshua Johnson (b. Baltimore County, MD ca.1763; d. Ann Arundel County, MD ca. 1825)",American,Barbara Baker Murphy,FALSE,Male,Regular,ca. 1810,"https://ids.si.edu/ids/iiif/SAAM-1983.95.56_1/full/250,/0/default.jpg",[https://ids.si.edu/ids/deliveryService?id=SAAM-1983.95.56_1]
Portrait of Mrs. Robert Kermit,,,Mrs. Robert Kermit,FALSE,Female,Regular,ca. 1790,"https://ids.si.edu/ids/iiif/SAAM-1970.76_1/full/250,/0/default.jpg",[https://ids.si.edu/ids/deliveryService?id=SAAM-1970.76_1]
Portrait of Sea Captain John Murphy,"Joshua Johnson (b. Baltimore County, MD ca.1763; d. Ann Arundel County, MD ca. 1825)",American,John Murphy,FALSE,Male,Regular,ca. 1810,"https://ids.si.edu/ids/iiif/SAAM-1983.95.57_1/full/250,/0/default.jpg",[https://ids.si.edu/ids/deliveryService?id=SAAM-1983.95.57_1]
Portrait of a Baby Boy,,,,FALSE,Male,Miniature,ca. 1805,"https://ids.si.edu/ids/iiif/SAAM-1999.27.59.2_1/full/250,/0/default.jpg",[https://ids.si.edu/ids/deliveryService?id=SAAM-1999.27.59.2_1]
Portrait of a Boy,,Italian,,FALSE,Male,Regular,ca. 1800,"https://ids.si.edu/ids/iiif/SAAM-1956.11.41_1/full/250,/0/default.jpg",[https://ids.si.edu/ids/deliveryService?id=SAAM-1956.11.41_1]
Portrait of a Child,"Raphaelle Peale (b. Annapolis, MD 1774 d. Philadelphia)",American,,FALSE,Female,Miniature,ca. 1800,"https://ids.si.edu/ids/iiif/SAAM-1963.9.5_1/full/250,/0/default.jpg",[https://ids.si.edu/ids/deliveryService?id=SAAM-1963.9.5_1]
Portrait of a Connecticut Clockmaker,,,,FALSE,Male,Regular,ca. 1800,"https://ids.si.edu/ids/iiif/SAAM-1967.136.2_1/full/250,/0/default.jpg",[https://ids.si.edu/ids/deliveryService?id=SAAM-1967.136.2_1]
Portrait of a Connecticut Clockmaker's Wife,,,,FALSE,Female,Regular,ca. 1800,"https://ids.si.edu/ids/iiif/SAAM-1967.136.3_1/full/250,/0/default.jpg",[https://ids.si.edu/ids/deliveryService?id=SAAM-1967.136.3_1]
Portrait of a Gentleman,,English,,FALSE,Male,Regular,ca. 1800,"https://ids.si.edu/ids/iiif/SAAM-1956.11.42_1/full/250,/0/default.jpg",[https://ids.si.edu/ids/deliveryService?id=SAAM-1956.11.42_1]
Portrait of a Gentleman,,,,FALSE,Male,Miniature,ca. 1780-1790,"https://ids.si.edu/ids/iiif/SAAM-1999.27.34_1/full/250,/0/default.jpg",[https://ids.si.edu/ids/deliveryService?id=SAAM-1999.27.34_1]
Portrait of a Gentleman,,,,FALSE,Male,Miniature,ca. 1805,"https://ids.si.edu/ids/iiif/SAAM-1979.152_1/full/250,/0/default.jpg",[https://ids.si.edu/ids/deliveryService?id=SAAM-1979.152_1]
Portrait of a Gentleman,"Raphaelle Peale (b. Annapolis, MD 1774 d. Philadelphia)",American,,FALSE,Male,Miniature,ca. 1805,"https://ids.si.edu/ids/iiif/SAAM-1950.4.6_1/full/250,/0/default.jpg",[https://ids.si.edu/ids/deliveryService?id=SAAM-1950.4.6_1]
Portrait of a Gentleman,"James Peale (b. Chestertown, MD 1749 d. Philadelphia)",American,,FALSE,Male,Miniature,1800,"https://ids.si.edu/ids/iiif/SAAM-1999.27.37_1/full/250,/0/default.jpg",[https://ids.si.edu/ids/deliveryService?id=SAAM-1999.27.37_1]
Portrait of a Gentleman,"Henry Benbridge (b. Philadelphia, PA 1743 d. Philadelphia)",American,,FALSE,Male,Miniature,ca. 1795,"https://ids.si.edu/ids/iiif/SAAM-1999.27.45_1/full/250,/0/default.jpg",[https://ids.si.edu/ids/deliveryService?id=SAAM-1999.27.45_1]
Portrait of a Gentleman,,,,FALSE,Male,Miniature,ca. 1790,"https://ids.si.edu/ids/iiif/SAAM-1975.5_1/full/250,/0/default.jpg",[https://ids.si.edu/ids/deliveryService?id=SAAM-1975.5_1]
Portrait of a Gentleman,"Walter Robertson (b. Dublin, Ireland ca. 1750 d. Fatehpur)",Irish,,FALSE,Male,Miniature,ca. 1796,"https://ids.si.edu/ids/iiif/SAAM-1936.6.1_1/full/250,/0/default.jpg",[https://ids.si.edu/ids/deliveryService?id=SAAM-1936.6.1_1]
Portrait of a Gentleman,,,,FALSE,Male,Miniature,ca. 1810,"https://ids.si.edu/ids/iiif/SAAM-1996.91.27_1/full/250,/0/default.jpg",[https://ids.si.edu/ids/deliveryService?id=SAAM-1996.91.27_1]
Portrait of a Gentleman,,,,FALSE,Male,Miniature,ca. 1800,"https://ids.si.edu/ids/iiif/SAAM-1999.27.78_1/full/250,/0/default.jpg",[https://ids.si.edu/ids/deliveryService?id=SAAM-1999.27.78_1]
Portrait of a Gentleman,"P. E. Stroëhling (b. Dusseldorf, Germany 1768 d. London)",German,,FALSE,Male,Miniature,ca. 1800,"https://ids.si.edu/ids/iiif/SAAM-1946.9.3_1/full/250,/0/default.jpg",[https://ids.si.edu/ids/deliveryService?id=SAAM-1946.9.3_1]
Portrait of a Gentleman,"John Trumbull (b. Lebanon, CT 1756 d. New York City 1843)",American,,FALSE,Male,Miniature,ca. 1790,"https://ids.si.edu/ids/iiif/SAAM-1984.64_1/full/250,/0/default.jpg",[https://ids.si.edu/ids/deliveryService?id=SAAM-1984.64_1]
Portrait of a Gentleman,,,,FALSE,Male,Miniature,ca. 1805,"https://ids.si.edu/ids/iiif/SAAM-1999.27.59.1_1/full/250,/0/default.jpg",[https://ids.si.edu/ids/deliveryService?id=SAAM-1999.27.59.1_1]
Portrait of a Gentleman,"Alexander Robertson (b. Aberdeen, Scotland d. New York City 1841)",Scottish,,FALSE,Male,Miniature,ca. 1795,"https://ids.si.edu/ids/iiif/SAAM-1942.10.3_1/full/250,/0/default.jpg",[https://ids.si.edu/ids/deliveryService?id=SAAM-1942.10.3_1]
Portrait of a Gentleman,"James Peale (b. Chestertown, MD 1749 d. Philadelphia)",American,,FALSE,Male,Miniature,1789,"https://ids.si.edu/ids/iiif/SAAM-1999.27.36_1/full/250,/0/default.jpg",[https://ids.si.edu/ids/deliveryService?id=SAAM-1999.27.36_1]
Portrait of a Gentleman,"James Peale (b. Chestertown, MD 1749 d. Philadelphia)",American,,FALSE,Male,Miniature,1793,"https://ids.si.edu/ids/iiif/SAAM-2012.21_1/full/250,/0/default.jpg",[https://ids.si.edu/ids/deliveryService?id=SAAM-2012.21_1]
Portrait of a Gentleman,,,,FALSE,Male,Miniature,ca. 1795,"https://ids.si.edu/ids/iiif/SAAM-1959.7.22_1/full/250,/0/default.jpg",[https://ids.si.edu/ids/deliveryService?id=SAAM-1959.7.22_1]
Portrait of a Gentleman with Initials A.S.N.,Jean Francois De Vallee (b. 1794; d. 1828),French,,FALSE,Male,Miniature,ca. 1805,"https://ids.si.edu/ids/iiif/SAAM-1941.5.1_1/full/250,/0/default.jpg",[https://ids.si.edu/ids/deliveryService?id=SAAM-1941.5.1_1]
Portrait of a Gentleman with Initials Ca. B.,,,,FALSE,Male,Miniature,ca. 1795,"https://ids.si.edu/ids/iiif/SAAM-1980.95.2_1/full/250,/0/default.jpg",[https://ids.si.edu/ids/deliveryService?id=SAAM-1980.95.2_1]
Portrait of a Gentleman with Initials G. D.,"Raphaelle Peale (b. Annapolis, MD 1774 d. Philadelphia)",American,G. D.,FALSE,Male,Miniature,ca. 1805,"https://ids.si.edu/ids/iiif/SAAM-1942.7.2_1/full/250,/0/default.jpg",[https://ids.si.edu/ids/deliveryService?id=SAAM-1942.7.2_1]
Portrait of a Gentleman with Initials H. D. Ca.,,,,FALSE,Male,Miniature,ca. 1795,"https://ids.si.edu/ids/iiif/SAAM-1980.95.1_1/full/250,/0/default.jpg",[https://ids.si.edu/ids/deliveryService?id=SAAM-1980.95.1_1]
Portrait of a Gentleman with Initials J. B.,"Benjamin Trott (b. Boston, MA ca. 1770 d. Washington)",American,,FALSE,Male,Miniature,ca. 1795,"https://ids.si.edu/ids/iiif/SAAM-1954.6.4_1/full/250,/0/default.jpg",[https://ids.si.edu/ids/deliveryService?id=SAAM-1954.6.4_1]
Portrait of a Lady,,,,FALSE,Female,Miniature,late 18th century,"https://ids.si.edu/ids/iiif/SAAM-1999.27.63_1/full/250,/0/default.jpg",[https://ids.si.edu/ids/deliveryService?id=SAAM-1999.27.63_1]
Portrait of a Lady,,,,FALSE,Female,Miniature,ca. 1800,"https://ids.si.edu/ids/iiif/SAAM-1959.7.21_1/full/250,/0/default.jpg",[https://ids.si.edu/ids/deliveryService?id=SAAM-1959.7.21_1]
Portrait of a Lady,,,,FALSE,Female,Miniature,1800,"https://ids.si.edu/ids/iiif/SAAM-1966.4.2_1/full/250,/0/default.jpg",[https://ids.si.edu/ids/deliveryService?id=SAAM-1966.4.2_1]
Portrait of a Lady,,French,,FALSE,Female,Miniature,ca. 1775,"https://ids.si.edu/ids/iiif/SAAM-1954.6.5_1/full/250,/0/default.jpg",[https://ids.si.edu/ids/deliveryService?id=SAAM-1954.6.5_1]
Portrait of a Lady,,,,FALSE,Female,Miniature,ca. 1780,"https://ids.si.edu/ids/iiif/SAAM-1979.153.2_1/full/250,/0/default.jpg",[https://ids.si.edu/ids/deliveryService?id=SAAM-1979.153.2_1]
Portrait of a Lady,"William M. S. Doyle (b. Boston, MA 1769 d. Boston)",American,,FALSE,Female,Miniature,1810,"https://ids.si.edu/ids/iiif/SAAM-1954.6.3_1/full/250,/0/default.jpg",[https://ids.si.edu/ids/deliveryService?id=SAAM-1954.6.3_1]
Portrait of a Lady from S. Carolina Huguenot Family,"Lawrence Sully (b. Kilkenny, Ireland 1769 d. Richmond)",Irish,,FALSE,Female,Miniature,ca. 1795,"https://ids.si.edu/ids/iiif/SAAM-1950.4.5_1/full/250,/0/default.jpg",[https://ids.si.edu/ids/deliveryService?id=SAAM-1950.4.5_1]
Portrait of a Man,"Jacob Eichholtz (b. Lancaster, PA 1776 d. Lancaster)",American,,FALSE,Male,Regular,ca. 1809,"https://ids.si.edu/ids/iiif/SAAM-1964.6.2_2/full/250,/0/default.jpg",[https://ids.si.edu/ids/deliveryService?id=SAAM-1964.6.2_2]
Portrait of a Man,,,,FALSE,Male,Regular,early 19th century,"https://ids.si.edu/ids/iiif/SAAM-1986.65.153_1/full/250,/0/default.jpg",[https://ids.si.edu/ids/deliveryService?id=SAAM-1986.65.153_1]
Portrait of a Man,,English,,FALSE,Male,Regular,ca. 1790,"https://ids.si.edu/ids/iiif/SAAM-1979.5.10_1/full/250,/0/default.jpg",[https://ids.si.edu/ids/deliveryService?id=SAAM-1979.5.10_1]
Portrait of a Man,,,,FALSE,Male,Regular,early 19th century,"https://ids.si.edu/ids/iiif/SAAM-1986.65.179_1/full/250,/0/default.jpg",[https://ids.si.edu/ids/deliveryService?id=SAAM-1986.65.179_1]
Portrait of a Woman,"Jacob Eichholtz (b. Lancaster, PA 1776 d. Lancaster)",American,,FALSE,Female,Regular,ca. 1809,"https://ids.si.edu/ids/iiif/SAAM-1964.6.1_2/full/250,/0/default.jpg",[https://ids.si.edu/ids/deliveryService?id=SAAM-1964.6.1_2]
Portrait of a Young Lady,"William Verstille (b. Boston, MA ca. 1755 d. Boston)",American,,FALSE,Female,Miniature,ca. 1790,"https://ids.si.edu/ids/iiif/SAAM-1942.11.5_1/full/250,/0/default.jpg",[https://ids.si.edu/ids/deliveryService?id=SAAM-1942.11.5_1]
Portrait of the Artist and His Wife,"William Leslie (b. England before 1769; d. London, England 1812)",English,"Mrs. William Leslie, William Leslie",FALSE,"Female, Male",Miniature,ca. 1800-1812,"https://ids.si.edu/ids/iiif/SAAM-1999.27.24_1/full/250,/0/default.jpg",[https://ids.si.edu/ids/deliveryService?id=SAAM-1999.27.24_1]
Retrato de caballero,"José Campeche y Jordán (b. San Juan, Puerto Rico 1751; d. San Juan, Puerto Rico 1809)",Puerto Rican,,FALSE,Male,Regular,ca. 1805-1809,"https://ids.si.edu/ids/iiif/SAAM-1996.91.3_1/full/250,/0/default.jpg",[https://ids.si.edu/ids/deliveryService?id=SAAM-1996.91.3_1]
Reverend John Carroll,,,Rev. John Carroll (b. 8 Jan 1735; d. 3 Dec 1815),FALSE,Male,Regular,ca. 1809,"https://ids.si.edu/ids/iiif/NPG-8900562A_1/full/250,/0/default.jpg",[https://ids.si.edu/ids/deliveryService?id=NPG-8900562A_1]
Reverend Justus Henry Christian Helmuth,John Eckstein (b. 1736; d. 1817),German,Rev. Justus Henry Christian Helmuth (b. 16 May 1745; d. 5 Feb 1825),FALSE,Male,Regular,ca. 1795,"https://ids.si.edu/ids/iiif/NPG-NPG_67_7Helmuth-000003/full/250,/0/default.jpg",[https://ids.si.edu/ids/deliveryService?id=NPG-NPG_67_7Helmuth-000003]
Richard Bache,John Hoppner (b. 1758; d. 1810),English,Richard Bache (b. 1737; d. 1811),FALSE,Male,Regular,1792-93,"https://ids.si.edu/ids/iiif/NPG-NPG_2011_145Bache-000001/full/250,/0/default.jpg",[https://ids.si.edu/ids/deliveryService?id=NPG-NPG_2011_145Bache-000001]
Richard Henry Lee,Charles Willson Peale (b. 15 Apr 1741; d. 22 Feb 1827),,Richard Henry Lee (b. 20 Jan 1732; d. 19 Jun 1794),FALSE,Male,Regular,ca. 1795-1805,"https://ids.si.edu/ids/iiif/NPG-NPG_74_5/full/250,/0/default.jpg",[https://ids.si.edu/ids/deliveryService?id=NPG-NPG_74_5]
Robert Broome,"Anson Dickinson (b. Milton, CT 1779 d. Litchfied)",American,Robert Broome,FALSE,Male,Miniature,ca. 1810,"https://ids.si.edu/ids/iiif/SAAM-1948.2.1_1/full/250,/0/default.jpg",[https://ids.si.edu/ids/deliveryService?id=SAAM-1948.2.1_1]
Robert Hooper,"John Singleton Copley (b. Boston, MA 1738; d. 1815)",American,Jr. Robert Hooper,FALSE,Male,Regular,ca. 1770-1772,"https://ids.si.edu/ids/iiif/SAAM-2006.12.1_1/full/250,/0/default.jpg",[https://ids.si.edu/ids/deliveryService?id=SAAM-2006.12.1_1]
Robert Morris,Robert Edge Pine (b. ca. 1730; d. 1788),English,Robert Morris (b. 31 Jan 1734; d. 8 May 1806),FALSE,Male,Regular,ca. 1785,"https://ids.si.edu/ids/iiif/NPG-NPG_73_20/full/250,/0/default.jpg",[https://ids.si.edu/ids/deliveryService?id=NPG-NPG_73_20]
Robert Oliphant,"Raphaelle Peale (b. Annapolis, MD 1774 d. Philadelphia)",American,Robert Oliphant,FALSE,Male,Miniature,1799,"https://ids.si.edu/ids/iiif/SAAM-1942.2.2_1/full/250,/0/default.jpg",[https://ids.si.edu/ids/deliveryService?id=SAAM-1942.2.2_1]
Rubens Peale,Rembrandt Peale (b. 22 Feb 1778; d. 3 Oct 1860),American,Rubens Peale (b. 1784; d. 1865),FALSE,Male,Regular,1807,"https://ids.si.edu/ids/iiif/NPG-8600424A_2/full/250,/0/default.jpg",[https://ids.si.edu/ids/deliveryService?id=NPG-8600424A_2]
Rubens Peale,"Raphaelle Peale (b. Annapolis, MD 1774 d. Philadelphia)",American,Rubens Peale,FALSE,Male,Miniature,ca. 1800,"https://ids.si.edu/ids/iiif/SAAM-1941.9.1_1/full/250,/0/default.jpg",[https://ids.si.edu/ids/deliveryService?id=SAAM-1941.9.1_1]
Samuel Blodget,John Trumbull (b. 6 Jun 1756; d. 10 Nov 1843),American,"Samuel Blodget (b. Jr., 28 Aug 1757; d. 11 Apr 1814)",FALSE,Male,Regular,ca. 1784,"https://ids.si.edu/ids/iiif/NPG-NPG_2013_29Blodget-000001/full/250,/0/default.jpg",[https://ids.si.edu/ids/deliveryService?id=NPG-NPG_2013_29Blodget-000001]
Samuel Chase,John Wesley Jarvis (b. 1780; d. 14 Jan 1840),American,Samuel Chase (b. 17 Apr 1741; d. 19 Jun 1811),FALSE,Male,Regular,1811,"https://ids.si.edu/ids/iiif/NPG-NPG_67_2Chase-000001/full/250,/0/default.jpg",[https://ids.si.edu/ids/deliveryService?id=NPG-NPG_67_2Chase-000001]
Samuel F. B. Morse,Samuel Finley Breese Morse (b. 27 Apr 1791; d. 2 Apr 1872),American,Samuel Finley Breese Morse (b. 27 Apr 1791; d. 2 Apr 1872),TRUE,Male,Regular,1812,"https://ids.si.edu/ids/iiif/NPG-NPG_80_208Morse_d1/full/250,/0/default.jpg",[https://ids.si.edu/ids/deliveryService?id=NPG-NPG_80_208Morse_d1]
"Samuel Love, Jr.","Robert Field (b. Gloucestershire, England ca. 1769 d. Kingston)",English,Jr. Samuel Love,FALSE,Male,Miniature,1800,"https://ids.si.edu/ids/iiif/SAAM-1942.10.4_1/full/250,/0/default.jpg",[https://ids.si.edu/ids/deliveryService?id=SAAM-1942.10.4_1]
Samuel Miles,Gilbert Stuart (b. 3 Dec 1755; 9 Jul 1828),American,Samuel Miles (b. 11 Mar 1740; d. 6 Dec 1805),FALSE,Male,Regular,ca. 1800,"https://ids.si.edu/ids/iiif/NPG-NPG_2019_22-000002/full/250,/0/default.jpg",[https://ids.si.edu/ids/deliveryService?id=NPG-NPG_2019_22-000002]
Samuel Seabury,Ralph Earl (b. 11 May 1751; d. 16 Aug 1801),American,Samuel Seabury (b. 30 Nov 1729; d. 25 Feb 1796),FALSE,Male,Regular,1785,"https://ids.si.edu/ids/iiif/NPG-NPG_84_171/full/250,/0/default.jpg",[https://ids.si.edu/ids/deliveryService?id=NPG-NPG_84_171]
Samuel Smith,Gilbert Stuart (b. 3 Dec 1755; d. 9 Jul 1828),American,Samuel Smith (b. 27 Jul 1752; d. 22 Apr 1839),FALSE,Male,Regular,ca. 1800,"https://ids.si.edu/ids/iiif/NPG-NPG_66_50Smith-000002/full/250,/0/default.jpg",[https://ids.si.edu/ids/deliveryService?id=NPG-NPG_66_50Smith-000002]
Sir Guy Carelton,,English,Guy Carleton,FALSE,Male,Miniature,ca. 1770,"https://ids.si.edu/ids/iiif/SAAM-1950.4.20_1/full/250,/0/default.jpg",[https://ids.si.edu/ids/deliveryService?id=SAAM-1950.4.20_1]
Susan Poinsett,"Edward Greene Malbone (b. Newport, RI 1777 d. Savannah)",American,Susan Poinsett,FALSE,Female,Miniature,ca. 1801-1802,"https://ids.si.edu/ids/iiif/SAAM-1999.27.27_1/full/250,/0/default.jpg",[https://ids.si.edu/ids/deliveryService?id=SAAM-1999.27.27_1]
Susanne Correy,"James Peale (b. Chestertown, MD 1749 d. Philadelphia)",American,Susan Correy,FALSE,Female,Miniature,ca. 1790,"https://ids.si.edu/ids/iiif/SAAM-1979.153.1_1/full/250,/0/default.jpg",[https://ids.si.edu/ids/deliveryService?id=SAAM-1979.153.1_1]
T. Stanford,Ebenezer Mack (b. 1765; d. 1833),American,T. Stanford,FALSE,Male,Miniature,ca. 1795,"https://ids.si.edu/ids/iiif/SAAM-1957.3.2_1/full/250,/0/default.jpg",[https://ids.si.edu/ids/deliveryService?id=SAAM-1957.3.2_1]
The Davis Children (Eliza Cheever Davis and John Derby Davis),"Edward Savage (b. Princeton, MA 1761 d. Princeton)",American,"Eliza Cheever Davis, John Derby Davis",FALSE,Female,Regular,1795,"https://ids.si.edu/ids/iiif/SAAM-2019.6.12_1/full/250,/0/default.jpg",[https://ids.si.edu/ids/deliveryService?id=SAAM-2019.6.12_1]
The Misses Mary and Hannah Murray,"John Trumbull (b. Lebanon, CT 1756 d. New York City 1843)",American,"Hannah Murray, Mary Murray",FALSE,Female,Regular,1806,"https://ids.si.edu/ids/iiif/SAAM-1988.2_1/full/250,/0/default.jpg",[https://ids.si.edu/ids/deliveryService?id=SAAM-1988.2_1]
The Wiley Family,"William Williams (b. Bristol, England 1727 d. Bristol)",English,John Wiley,FALSE,"Male, Female",Regular,1771,"https://ids.si.edu/ids/iiif/SAAM-2006.12.2_1/full/250,/0/default.jpg",[https://ids.si.edu/ids/deliveryService?id=SAAM-2006.12.2_1]
Theresa Diana Levesque,Ambrose Duval (b. ca. 1778),French,Theresa Diana Levesque,FALSE,Female,Miniature,1810,"https://ids.si.edu/ids/iiif/SAAM-1975.59.2_1/full/250,/0/default.jpg",[https://ids.si.edu/ids/deliveryService?id=SAAM-1975.59.2_1]
Thomas Ash II,Thomas Sully (b. 19 Jun 1783; d. 5 Nov 1872),American,Thomas Ash II (b. 1785; d. after 1824),FALSE,Male,Regular,1807,"https://ids.si.edu/ids/iiif/NPG-NPG_2008_4Ash_d1/full/250,/0/default.jpg",[https://ids.si.edu/ids/deliveryService?id=NPG-NPG_2008_4Ash_d1]
Thomas Jefferson,Mather Brown (b. 7 Oct 1761; d. 25 May 1831),American,Thomas Jefferson (b. 13 Apr 1743; d. 4 Jul 1826),FALSE,Male,Regular,1786,"https://ids.si.edu/ids/iiif/NPG-NPG_99_66Jefferson_d1/full/250,/0/default.jpg",[https://ids.si.edu/ids/deliveryService?id=NPG-NPG_99_66Jefferson_d1]
Thomas Lee Shippen,"James Peale (b. Chestertown, MD 1749 d. Philadelphia)",American,Thomas Lee Shippen,FALSE,Male,Miniature,1795,"https://ids.si.edu/ids/iiif/SAAM-1999.87.4_1/full/250,/0/default.jpg",[https://ids.si.edu/ids/deliveryService?id=SAAM-1999.87.4_1]
Thomas McKean,,,Thomas McKean (b. 19 Mar 1734; d. 24 Jun 1817),FALSE,Male,Regular,after 1787,"https://ids.si.edu/ids/iiif/NPG-NPG_66_63McKean-000003/full/250,/0/default.jpg",[https://ids.si.edu/ids/deliveryService?id=NPG-NPG_66_63McKean-000003]
Thomas Paine,Laurent Dabos (b. 1761; d. 1835),French,Thomas Paine (b. 29 Jan 1737; d. 8 Jun 1809),FALSE,Male,Regular,ca. 1792,"https://ids.si.edu/ids/iiif/NPG-NPG_2008_5/full/250,/0/default.jpg",[https://ids.si.edu/ids/deliveryService?id=NPG-NPG_2008_5]
Thomas Pinckney,John Trumbull (b. 6 Jun 1756; d. 10 Nov 1843),American,Thomas Pinckney (b. 23 Oct 1750; d. 2 Nov 1828),FALSE,Male,Regular,1791,"https://ids.si.edu/ids/iiif/NPG-NPG_2007_211/full/250,/0/default.jpg",[https://ids.si.edu/ids/deliveryService?id=NPG-NPG_2007_211]
Thomas Say,Joseph Wood (b. ca. 1778; d. 1830),American,Thomas Say (b. 27 Jun 1787; d. 10 Oct 1834),FALSE,Male,Regular,ca. 1812,"https://ids.si.edu/ids/iiif/NPG-NPG_72_112Say-000001/full/250,/0/default.jpg",[https://ids.si.edu/ids/deliveryService?id=NPG-NPG_72_112Say-000001]
Thomas Stone,Robert Edge Pine (b. ca. 1730; d. 1788),English,Thomas Stone (b. 1743; d. 5 Oct 1787),FALSE,Male,Regular,ca. 1785,"https://ids.si.edu/ids/iiif/NPG-NPG_71_44/full/250,/0/default.jpg",[https://ids.si.edu/ids/deliveryService?id=NPG-NPG_71_44]
"Thomas Williams, of Annapolis","Robert Field (b. Gloucestershire, England ca. 1769 d. Kingston)",English,Thomas Williams,FALSE,Male,Miniature,ca. 1800,"https://ids.si.edu/ids/iiif/SAAM-1978.67.2_1/full/250,/0/default.jpg",[https://ids.si.edu/ids/deliveryService?id=SAAM-1978.67.2_1]
"Three-Way Portrait of Thomas Jefferson, James Monroe, and Unidentified Native American (William McIntosh?)",,,"Thomas Jefferson, James Monroe, and Unidentified Native American",FALSE,Male,Regular,early 19th century,"https://ids.si.edu/ids/iiif/SAAM-1967.90.1_4/full/250,/0/default.jpg",[https://ids.si.edu/ids/deliveryService?id=SAAM-1967.90.1_4]
West Family in the Studio Garden,Benjamin West (b. 10 Oct 1738; d. 11 Mar 1820),American,Benjamin West (b. 10 Oct 1738; d. 11 Mar 1820),TRUE,"Male, Female",Regular,1808-09,"https://ids.si.edu/ids/iiif/NPG-NPG_77_34Westfamily-000004/full/250,/0/default.jpg",[https://ids.si.edu/ids/deliveryService?id=NPG-NPG_77_34Westfamily-000004]
William Boswell Lamb,,,William Roswell Lamb,FALSE,Male,Miniature,ca. 1795,"https://ids.si.edu/ids/iiif/SAAM-1980.126.4_1/full/250,/0/default.jpg",[https://ids.si.edu/ids/deliveryService?id=SAAM-1980.126.4_1]
William Carmichael,,,William Carmichael (b. ?; d. Feb 1795),FALSE,Male,Regular,1770s,"https://ids.si.edu/ids/iiif/NPG-NPG_2010_49_int/full/250,/0/default.jpg",[https://ids.si.edu/ids/deliveryService?id=NPG-NPG_2010_49_int]
William Dunlap,William Dunlap (b. 18 Feb 1766; d. 28 Sep 1839),American,William Dunlap (b. 18 Feb 1766; d. 28 Sep 1839),TRUE,Male,Regular,ca. 1805,"https://ids.si.edu/ids/iiif/NPG-NPG_2013_40/full/250,/0/default.jpg",[https://ids.si.edu/ids/deliveryService?id=NPG-NPG_2013_40]
William Linn,,,William Linn (b. 27 Feb 1752; d. 8 Jan 1808),FALSE,Male,Regular,early 1790s,"https://ids.si.edu/ids/iiif/NPG-NPG_2007_11Linn-000003/full/250,/0/default.jpg","[https://ids.si.edu/ids/deliveryService?id=NPG-NPG_2007_11Linn-000003, https://ids.si.edu/ids/deliveryService?id=NPG-NPG_2007_11Linn_int-000001]"
William Linn,John Wesley Jarvis (b. 1780; d. 14 Jan 1840),English,William Linn (b. 27 Feb 1752; d. 8 Jan 1808),FALSE,Male,Regular,1805,"https://ids.si.edu/ids/iiif/NPG-S_NPG_2007_12Linn-000001/full/250,/0/default.jpg",[https://ids.si.edu/ids/deliveryService?id=NPG-S_NPG_2007_12Linn-000001]
William Mather Smith,"Archibald Robertson (b. Moneymusk, Scotland d. New York City 1835)",Scottish,William Mather Smith,FALSE,Male,Miniature,ca. 1810,"https://ids.si.edu/ids/iiif/SAAM-1944.7.2_1/full/250,/0/default.jpg",[https://ids.si.edu/ids/deliveryService?id=SAAM-1944.7.2_1]
William McIntyre,"John Wesley Jarvis (b. South Shields, England 1780 d. New York City 1840)",English,William McIntyre,FALSE,Male,Miniature,early 19th century,"https://ids.si.edu/ids/iiif/SAAM-1999.27.22_1/full/250,/0/default.jpg",[https://ids.si.edu/ids/deliveryService?id=SAAM-1999.27.22_1]
William Moultrie,Charles Willson Peale (b. 15 Apr 1741; d. 22 Feb 1827),American,William Moultrie (b. 1730; d. 27 Sep 1805),FALSE,Male,Regular,1782,"https://ids.si.edu/ids/iiif/NPG-NPG_65_57/full/250,/0/default.jpg",[https://ids.si.edu/ids/deliveryService?id=NPG-NPG_65_57]
William Shippen,"James Peale (b. Chestertown, MD 1749; d. Philadelphia, PA 1831)",American,William Shippen,FALSE,Male,Miniature,1794,"https://ids.si.edu/ids/iiif/SAAM-1999.87.5_1/full/250,/0/default.jpg",[https://ids.si.edu/ids/deliveryService?id=SAAM-1999.87.5_1]
William Thornton,"Robert Field (b. Gloucestershire, England ca. 1769; d. Kingston, Jamaica 1819)",English,William Thornton,FALSE,Male,Miniature,ca. 1800,"https://ids.si.edu/ids/iiif/SAAM-1960.6.1_2/full/250,/0/default.jpg",[https://ids.si.edu/ids/deliveryService?id=SAAM-1960.6.1_2]
William Wirt,Cephas Thompson (b. 1 Jul 1775; d. 6 Nov 1856),American,William Wirt (b. 8 Nov 1772; d. 18 Feb 1834),FALSE,Male,Regular,ca. 1809-10,"https://ids.si.edu/ids/iiif/NPG-NPG_89_11/full/250,/0/default.jpg",[https://ids.si.edu/ids/deliveryService?id=NPG-NPG_89_11]
Young Woman of the Chase Family,,,Chase,FALSE,Female,Miniature,1810,"https://ids.si.edu/ids/iiif/SAAM-1999.27.17_1/full/250,/0/default.jpg",[https://ids.si.edu/ids/deliveryService?id=SAAM-1999.27.17_1]